序号,id,drug,disease,共现数,人工判定(填L0或L1)
1,deepseek-v4-pro_G05_Probenecid,Probenecid,Alzheimer's disease,16,
2,qwen3.7-max_G02_Metformin,Metformin,Glioblastoma,128,
3,qwen3.7-max_G01_Valproic acid,Valproic acid,Acute myeloid leukemia,91,
4,qwen3.7-max_G08_Empagliflozin,Empagliflozin,Non-alcoholic steatohepatitis,13,
5,qwen3.7-max_G08_Dapagliflozin,Dapagliflozin,Non-alcoholic steatohepatitis,5,
6,deepseek-v4-pro_G04_Ceftriaxone,Ceftriaxone,Amyotrophic lateral sclerosis,44,
7,deepseek-v4-pro_G04_Colchicine,Colchicine,Amyotrophic lateral sclerosis,8,
8,qwen3.7-max_G11_Allopurinol,Allopurinol,Inflammatory bowel disease,103,
9,qwen3.7-max_G04_Baricitinib,Baricitinib,Amyotrophic lateral sclerosis,3,
10,qwen3.7-max_G10_Ibrutinib,Ibrutinib,Systemic lupus erythematosus,9,
11,qwen3.7-max_G02_Dipyridamole,Dipyridamole,Glioblastoma,6,
12,qwen3.7-max_G03_Disulfiram,Disulfiram,Pancreatic ductal adenocarcinoma,6,
13,deepseek-v4-pro_G05_Fluoxetine,Fluoxetine,Alzheimer's disease,105,
14,qwen3.7-max_G06_Metformin,Metformin,Pulmonary arterial hypertension,23,
15,deepseek-v4-pro_G09_Metformin,Metformin,Drug-resistant tuberculosis,4,
16,qwen3.7-max_G12_Dextromethorphan,Dextromethorphan,Treatment-resistant depression,38,
17,deepseek-v4-pro_G03_Disulfiram,Disulfiram,Pancreatic ductal adenocarcinoma,6,
18,qwen3.7-max_G10_Dimethyl fumarate,Dimethyl fumarate,Systemic lupus erythematosus,5,
19,deepseek-v4-pro_G11_Paroxetine,Paroxetine,Inflammatory bowel disease,5,
20,deepseek-v4-pro_G09_Verapamil,Verapamil,Drug-resistant tuberculosis,11,
21,qwen3.7-max_G07_Baricitinib,Baricitinib,Idiopathic pulmonary fibrosis,6,
22,deepseek-v4-pro_G10_Pentoxifylline,Pentoxifylline,Systemic lupus erythematosus,10,
23,qwen3.7-max_G06_Canagliflozin,Canagliflozin,Pulmonary arterial hypertension,4,
24,deepseek-v4-pro_G01_Atorvastatin,Atorvastatin,Acute myeloid leukemia,6,
25,qwen3.7-max_G02_Disulfiram,Disulfiram,Glioblastoma,60,
26,qwen3.7-max_G01_Chloroquine,Chloroquine,Acute myeloid leukemia,44,
27,deepseek-v4-pro_G01_Mebendazole,Mebendazole,Acute myeloid leukemia,10,
28,qwen3.7-max_G01_Digoxin,Digoxin,Acute myeloid leukemia,10,
29,qwen3.7-max_G06_Dimethyl fumarate,Dimethyl fumarate,Pulmonary arterial hypertension,4,
30,qwen3.7-max_G08_Semaglutide,Semaglutide,Non-alcoholic steatohepatitis,40,
31,deepseek-v4-pro_G05_Ursodeoxycholic acid,Ursodeoxycholic acid,Alzheimer's disease,22,
32,qwen3.7-max_G06_Dapagliflozin,Dapagliflozin,Pulmonary arterial hypertension,11,
33,deepseek-v4-pro_G10_Apremilast,Apremilast,Systemic lupus erythematosus,9,
34,qwen3.7-max_G10_Losartan,Losartan,Systemic lupus erythematosus,7,
35,qwen3.7-max_G07_Omeprazole,Omeprazole,Idiopathic pulmonary fibrosis,5,
36,qwen3.7-max_G01_Auranofin,Auranofin,Acute myeloid leukemia,5,
37,qwen3.7-max_G08_Fenofibrate,Fenofibrate,Non-alcoholic steatohepatitis,23,
38,qwen3.7-max_G08_Sitagliptin,Sitagliptin,Non-alcoholic steatohepatitis,10,
39,qwen3.7-max_G06_Ruxolitinib,Ruxolitinib,Pulmonary arterial hypertension,9,
40,qwen3.7-max_G01_Pimozide,Pimozide,Acute myeloid leukemia,5,
41,deepseek-v4-pro_G02_Mebendazole,Mebendazole,Glioblastoma,21,
42,qwen3.7-max_G04_Fasudil,Fasudil,Amyotrophic lateral sclerosis,14,
43,qwen3.7-max_G01_Niclosamide,Niclosamide,Acute myeloid leukemia,4,
44,deepseek-v4-pro_G11_Metformin,Metformin,Inflammatory bowel disease,63,
45,deepseek-v4-pro_G12_Celecoxib,Celecoxib,Treatment-resistant depression,3,
46,qwen3.7-max_G03_Atorvastatin,Atorvastatin,Pancreatic ductal adenocarcinoma,7,
47,qwen3.7-max_G02_Niclosamide,Niclosamide,Glioblastoma,9,
48,qwen3.7-max_G10_Colchicine,Colchicine,Systemic lupus erythematosus,75,
49,qwen3.7-max_G02_Haloperidol,Haloperidol,Glioblastoma,21,
50,deepseek-v4-pro_G01_Artesunate,Artesunate,Acute myeloid leukemia,12,
51,qwen3.7-max_G06_Vorinostat,Vorinostat,Pulmonary arterial hypertension,5,
52,qwen3.7-max_G01_Disulfiram,Disulfiram,Acute myeloid leukemia,13,
53,qwen3.7-max_G04_Pioglitazone,Pioglitazone,Amyotrophic lateral sclerosis,15,
54,qwen3.7-max_G11_Dimethyl fumarate,Dimethyl fumarate,Inflammatory bowel disease,8,
55,qwen3.7-max_G08_Pioglitazone,Pioglitazone,Non-alcoholic steatohepatitis,132,
56,qwen3.7-max_G11_Spironolactone,Spironolactone,Inflammatory bowel disease,6,
57,deepseek-v4-pro_G04_Ursodeoxycholic acid,Ursodeoxycholic acid,Amyotrophic lateral sclerosis,12,
58,deepseek-v4-pro_G01_Disulfiram,Disulfiram,Acute myeloid leukemia,13,
59,qwen3.7-max_G08_Canagliflozin,Canagliflozin,Non-alcoholic steatohepatitis,7,
60,qwen3.7-max_G11_Tauroursodeoxycholic acid,Tauroursodeoxycholic acid,Inflammatory bowel disease,14,
61,qwen3.7-max_G10_Atorvastatin,Atorvastatin,Systemic lupus erythematosus,37,
62,deepseek-v4-pro_G09_Doxycycline,Doxycycline,Drug-resistant tuberculosis,3,
63,qwen3.7-max_G10_Baricitinib,Baricitinib,Systemic lupus erythematosus,77,
64,qwen3.7-max_G11_Maraviroc,Maraviroc,Inflammatory bowel disease,3,
65,qwen3.7-max_G07_Simvastatin,Simvastatin,Idiopathic pulmonary fibrosis,8,
66,qwen3.7-max_G02_Artesunate,Artesunate,Glioblastoma,20,
67,deepseek-v4-pro_G05_Sildenafil,Sildenafil,Alzheimer's disease,57,
68,qwen3.7-max_G03_Metformin,Metformin,Pancreatic ductal adenocarcinoma,84,
69,qwen3.7-max_G10_Pioglitazone,Pioglitazone,Systemic lupus erythematosus,10,
70,deepseek-v4-pro_G11_Atorvastatin,Atorvastatin,Inflammatory bowel disease,5,
71,qwen3.7-max_G05_Dimethyl fumarate,Dimethyl fumarate,Alzheimer's disease,37,
72,qwen3.7-max_G04_Verapamil,Verapamil,Amyotrophic lateral sclerosis,5,
73,qwen3.7-max_G10_Spironolactone,Spironolactone,Systemic lupus erythematosus,5,
74,qwen3.7-max_G08_Rosuvastatin,Rosuvastatin,Non-alcoholic steatohepatitis,21,
75,deepseek-v4-pro_G05_Metformin,Metformin,Alzheimer's disease,350,
76,deepseek-v4-pro_G01_Pirfenidone,Pirfenidone,Acute myeloid leukemia,3,
77,deepseek-v4-pro_G04_Fingolimod,Fingolimod,Amyotrophic lateral sclerosis,10,
78,qwen3.7-max_G04_Niclosamide,Niclosamide,Amyotrophic lateral sclerosis,5,
79,qwen3.7-max_G01_Sulfasalazine,Sulfasalazine,Acute myeloid leukemia,7,
80,qwen3.7-max_G04_Dimethyl fumarate,Dimethyl fumarate,Amyotrophic lateral sclerosis,14,
81,qwen3.7-max_G11_Fingolimod,Fingolimod,Inflammatory bowel disease,21,
82,qwen3.7-max_G12_Riluzole,Riluzole,Treatment-resistant depression,15,
83,deepseek-v4-pro_G01_Auranofin,Auranofin,Acute myeloid leukemia,5,
84,deepseek-v4-pro_G11_Losartan,Losartan,Inflammatory bowel disease,8,
85,deepseek-v4-pro_G04_Terazosin,Terazosin,Amyotrophic lateral sclerosis,3,
86,qwen3.7-max_G07_Colchicine,Colchicine,Idiopathic pulmonary fibrosis,29,
87,qwen3.7-max_G02_Ivermectin,Ivermectin,Glioblastoma,5,
88,deepseek-v4-pro_G05_Niclosamide,Niclosamide,Alzheimer's disease,4,
89,deepseek-v4-pro_G11_Montelukast,Montelukast,Inflammatory bowel disease,7,
90,deepseek-v4-pro_G04_Metformin,Metformin,Amyotrophic lateral sclerosis,21,
91,deepseek-v4-pro_G05_Celecoxib,Celecoxib,Alzheimer's disease,81,
92,deepseek-v4-pro_G11_Fluoxetine,Fluoxetine,Inflammatory bowel disease,11,
93,qwen3.7-max_G04_Ibudilast,Ibudilast,Amyotrophic lateral sclerosis,8,
94,qwen3.7-max_G04_Semaglutide,Semaglutide,Amyotrophic lateral sclerosis,3,
95,qwen3.7-max_G06_Liraglutide,Liraglutide,Pulmonary arterial hypertension,3,
96,qwen3.7-max_G01_Artemisinin,Artemisinin,Acute myeloid leukemia,15,
97,deepseek-v4-pro_G11_Riluzole,Riluzole,Inflammatory bowel disease,3,
98,qwen3.7-max_G02_Valproic acid,Valproic acid,Glioblastoma,137,
99,deepseek-v4-pro_G11_Isotretinoin,Isotretinoin,Inflammatory bowel disease,85,
100,qwen3.7-max_G08_Ezetimibe,Ezetimibe,Non-alcoholic steatohepatitis,26,
101,qwen3.7-max_G10_Dapagliflozin,Dapagliflozin,Systemic lupus erythematosus,6,
102,qwen3.7-max_G12_Minocycline,Minocycline,Treatment-resistant depression,18,
103,deepseek-v4-pro_G11_Minocycline,Minocycline,Inflammatory bowel disease,22,
104,deepseek-v4-pro_G05_Safinamide,Safinamide,Alzheimer's disease,13,
105,deepseek-v4-pro_G06_Dapagliflozin,Dapagliflozin,Pulmonary arterial hypertension,11,
106,deepseek-v4-pro_G01_Sulfasalazine,Sulfasalazine,Acute myeloid leukemia,7,
107,qwen3.7-max_G08_Ursodeoxycholic acid,Ursodeoxycholic acid,Non-alcoholic steatohepatitis,65,
108,qwen3.7-max_G10_Ruxolitinib,Ruxolitinib,Systemic lupus erythematosus,15,
109,deepseek-v4-pro_G11_Empagliflozin,Empagliflozin,Inflammatory bowel disease,25,
110,qwen3.7-max_G06_Colchicine,Colchicine,Pulmonary arterial hypertension,7,
111,qwen3.7-max_G03_Statins,Statins,Pancreatic ductal adenocarcinoma,42,
112,qwen3.7-max_G02_Digoxin,Digoxin,Glioblastoma,19,
113,qwen3.7-max_G04_Fingolimod,Fingolimod,Amyotrophic lateral sclerosis,10,
114,deepseek-v4-pro_G05_Dapagliflozin,Dapagliflozin,Alzheimer's disease,26,
115,qwen3.7-max_G01_Thioridazine,Thioridazine,Acute myeloid leukemia,5,
116,qwen3.7-max_G10_Metformin,Metformin,Systemic lupus erythematosus,44,
117,qwen3.7-max_G08_Obeticholic acid,Obeticholic acid,Non-alcoholic steatohepatitis,101,
118,deepseek-v4-pro_G05_Rosiglitazone,Rosiglitazone,Alzheimer's disease,112,
119,qwen3.7-max_G11_TUDCA,TUDCA,Inflammatory bowel disease,13,
120,deepseek-v4-pro_G04_Verapamil,Verapamil,Amyotrophic lateral sclerosis,5,
121,qwen3.7-max_G08_Liraglutide,Liraglutide,Non-alcoholic steatohepatitis,48,
122,qwen3.7-max_G07_Metformin,Metformin,Idiopathic pulmonary fibrosis,29,
123,qwen3.7-max_G03_Auranofin,Auranofin,Pancreatic ductal adenocarcinoma,8,
124,qwen3.7-max_G07_Sildenafil,Sildenafil,Idiopathic pulmonary fibrosis,42,
125,deepseek-v4-pro_G08_Pentoxifylline,Pentoxifylline,Non-alcoholic steatohepatitis,28,
126,qwen3.7-max_G11_Metformin,Metformin,Inflammatory bowel disease,63,
127,deepseek-v4-pro_G06_Rosiglitazone,Rosiglitazone,Pulmonary arterial hypertension,15,
128,qwen3.7-max_G06_Empagliflozin,Empagliflozin,Pulmonary arterial hypertension,5,
129,deepseek-v4-pro_G11_Apremilast,Apremilast,Inflammatory bowel disease,31,
130,qwen3.7-max_G04_Deferiprone,Deferiprone,Amyotrophic lateral sclerosis,8,
131,qwen3.7-max_G03_Aspirin,Aspirin,Pancreatic ductal adenocarcinoma,23,
132,qwen3.7-max_G02_Atorvastatin,Atorvastatin,Glioblastoma,27,
133,deepseek-v4-pro_G08_Losartan,Losartan,Non-alcoholic steatohepatitis,12,
134,deepseek-v4-pro_G05_Minocycline,Minocycline,Alzheimer's disease,113,
135,deepseek-v4-pro_G05_Canagliflozin,Canagliflozin,Alzheimer's disease,14,
136,qwen3.7-max_G04_Tauroursodeoxycholic acid,Tauroursodeoxycholic acid,Amyotrophic lateral sclerosis,15,
137,qwen3.7-max_G03_Chloroquine,Chloroquine,Pancreatic ductal adenocarcinoma,56,
138,qwen3.7-max_G01_Mebendazole,Mebendazole,Acute myeloid leukemia,10,
139,qwen3.7-max_G07_Losartan,Losartan,Idiopathic pulmonary fibrosis,6,
140,deepseek-v4-pro_G10_Dimethyl fumarate,Dimethyl fumarate,Systemic lupus erythematosus,5,
141,qwen3.7-max_G01_Metformin,Metformin,Acute myeloid leukemia,43,
142,qwen3.7-max_G05_Empagliflozin,Empagliflozin,Alzheimer's disease,29,
143,qwen3.7-max_G04_Rapamycin,Rapamycin,Amyotrophic lateral sclerosis,122,
144,qwen3.7-max_G11_Empagliflozin,Empagliflozin,Inflammatory bowel disease,25,
145,deepseek-v4-pro_G01_Itraconazole,Itraconazole,Acute myeloid leukemia,73,
146,deepseek-v4-pro_G05_Febuxostat,Febuxostat,Alzheimer's disease,5,
147,qwen3.7-max_G04_Acamprosate,Acamprosate,Amyotrophic lateral sclerosis,3,
148,qwen3.7-max_G02_Sulfasalazine,Sulfasalazine,Glioblastoma,23,
149,qwen3.7-max_G02_Ketoconazole,Ketoconazole,Glioblastoma,6,
150,qwen3.7-max_G08_Metformin,Metformin,Non-alcoholic steatohepatitis,88,
151,deepseek-v4-pro_G10_Teriflunomide,Teriflunomide,Systemic lupus erythematosus,4,
152,qwen3.7-max_G04_Metformin,Metformin,Amyotrophic lateral sclerosis,21,
153,qwen3.7-max_G02_Spironolactone,Spironolactone,Glioblastoma,5,
154,qwen3.7-max_G01_Atorvastatin,Atorvastatin,Acute myeloid leukemia,6,
155,deepseek-v4-pro_G11_Verapamil,Verapamil,Inflammatory bowel disease,7,
156,deepseek-v4-pro_G01_Niclosamide,Niclosamide,Acute myeloid leukemia,4,
